store_name,location,reviewer_name,rating,review_text,date,source
EcoDhaga,"Koramangala, Bengaluru",Bala,5.0,They have really pretty outfits for women. Check them out.,2 weeks ago,Google Maps
EcoDhaga,"Koramangala, Bengaluru",Rohaan Nambiar,5.0,"Really nice place, good pieces at affordable rates too.

""What what, what what."" - Macklemore, 2012.",a month ago,Google Maps
EcoDhaga,"Koramangala, Bengaluru",PK,4.0,"loved this place!! it’s a little bit hard to find, but once you get there it’s lovely.

pros:
- well organised, had pieces organised by size which was great (sizes ranged from xs to xxl)
- had pieces organised by style (work edit, summer edit etc)
- unlike other thrifts they also upcycle fabric; they had earphone cases and card wallets made of upcycled fabric, and the complimentary carry bag we got from them was also upcycled and reusable!
- beautifully organised store, you can tell that they’re passionate about sustainability

cons:
- the cushions on the floor smelled kinda weird
- men’s section isn’t as well organised (stacks of folded clothes, no hangers so harder to look thru)
- no jewellery section :(

overall lovely though, thank you!",a month ago,Google Maps
EcoDhaga,"Koramangala, Bengaluru",Rumjhum Gupta,5.0,Cute thrift store! It is a bit hard to find because you need to go into a thin alley then climb to second floor. Collection is amazing and full of unique pieces. Highly recommend to people interested in sustainability and fashion,2 months ago,Google Maps
Love Me Twice,"Indiranagar, Bengaluru",PK,4.0,"lovely collection, but kinda expensive. higher end thrift for sure. loved the concept tho 🫶🫶",a month ago,Google Maps
Love Me Twice,"Indiranagar, Bengaluru",Kingkol Limbu,5.0,"Very good survice and tasty food
Nice restaurant in Bangalore",7 months ago,Google Maps
Love Me Twice,"Indiranagar, Bengaluru",Diya,5.0,"Absolutely love the concept of this place! Bangalore really needed a thrift store. The collection is thoughtful, affordable, and makes thrifting feel exciting.

I’d highly encourage everyone to check it out and thrift more. This city needs a stronger sustainable clothing culture. It’s tucked away in the basement of the same building as Champaca bookstore and Copper and Cloves, you could easily spend an entire day here.",10 months ago,Google Maps
Love Me Twice,"Indiranagar, Bengaluru",Antara Bhattacharya,5.0,What a beautiful place with the most unique collection priced right!,11 months ago,Google Maps
Love Me Twice,"Indiranagar, Bengaluru",Vishnu MG,5.0,👍👍👍👍,a year ago,Google Maps
Love Me Twice,"Indiranagar, Bengaluru",Shubha Priya,5.0,"LoveMeTwice is absolutely the best way to refresh wardrobes and perhaps even give away your own good clothes you are bored with! Save the planet - it’s begging for this to become a way of life now.

When  I first stepped into LoveMeTwice I wasn’t expecting much in terms of getting my size and quality or taste to my liking. Was I in for a surprise!  At a quarter of their origin prices too. I bought a stunning Zara silk dress (why would anyone give this away!) and several really terrific cotton tops and even khakis that fit way better than the pants I have. And accessories that were spot on! So very satisfying not to pay a bomb and come away thrilled.

I love the concept of giving good clothes new bodies instead of trashing it in land fills - considering the enormous expense, labour and resources every piece of clothing takes to produce.",2 years ago,Google Maps
Love Me Twice,"Indiranagar, Bengaluru",Ash Jaisim,5.0,"What a beautiful concept and so well executed. Love the variety of clothes on offer and all so well organised and presented. Brands range from high street fashion to designer labels. Everything is clean and tagged appropriately.  The ambience is cozy and you can try the clothes on if you like.

A great opportunity to own more for less and do your bit for the planet.",2 years ago,Google Maps
Thrft,"Kothanur, Bengaluru",sharon clementina,5.0,Good collection,3 weeks ago,Google Maps
Thrft,"Kothanur, Bengaluru",knight rider,1.0,"Very disappointing customer service. Even when the store was not busy and there were no other customers, the staff were busy scrolling on their mobile phones instead of attending to customers. No one greeted me, offered assistance, or even acknowledged my presence. Good customer service is an important part of the shopping experience, and unfortunately, it was completely lacking during my visit. I hope the management takes this feedback seriously and improves staff professionalism and customer engagement.",a month ago,Google Maps
Thrft,"Kothanur, Bengaluru",Suraj Prajapati,5.0,The store is good and the clothes are also amazing and I love it i recommend people to try it especially gen-Z students and others,a month ago,Google Maps
Thrft,"Kothanur, Bengaluru",Sean Lennon,5.0,"Gahhhh I love em, got a bomber and sick nike jacket AND A FUNK-TASTIC GREEN BAGGY JEANS for a solid price, very very worth it

Also lmao to some people saying y'all shouldn't go cause some clothes have stains and patched up bits. GANG IT'S A THRIFT STORE- you're thriftinggg, most of the ones that do have iffy bits are really niche😝 and worth it that I'm sure they've bought and kept for sale to find that one dude or dudette to buy annnnnd over 90percent of what they sell is in very good condition and feels and looks very cool. They also steam roll your jackets and shirts and stuff if you want for no additional cost before you take em home SO I don't see anything that keeps them from being what they claims to be. Man y'all gotta support these guys<333",a month ago,Google Maps
Thrft,"Kothanur, Bengaluru",Chuttan Meena,5.0,Good 👍👍,a month ago,Google Maps
Thrft,"Kothanur, Bengaluru",Martin Vimal,1.0,They are selling worst garments I think they are selling used clothings i visited the shop it's not shown on the Instagram its very bad clothings they are selling,2 months ago,Google Maps
The Preloved Co,"Sivanchetti Gardens, Bengaluru",Sai Joshi,5.0,"They have such good collection! Definitely will visit again! Please go have a look, you’ll definitely find something you wanna buy",a week ago,Google Maps
The Preloved Co,"Sivanchetti Gardens, Bengaluru",TAMIZHINII,5.0,"I visited Preloved Co. and I found amazing collection of preloved clothes✨
I bought formal tops and bottoms and they all were in good condition and at reasonable prices! So glad to find thrift shops which are very rare in India",a week ago,Google Maps
The Preloved Co,"Sivanchetti Gardens, Bengaluru",PK,4.0,"pros:
- curated clothing was organised by size, which was helpful
- easy to find
- prices were fair, good for a thrift store
- clothing was clean!
- LOVED the jewellery

cons:
- not a lot of variety
- a bit small (though that’s understandable)
- the bins of clothing outside were a bit unclean, they didn’t smell great",a month ago,Google Maps
The Preloved Co,"Sivanchetti Gardens, Bengaluru",Saanvi R,5.0,very sweet staff and also very clean condition of clothing. prices also very reasonable. would totally recommend it to someone who loves thrifting 🫶🏼,a month ago,Google Maps
The Preloved Co,"Sivanchetti Gardens, Bengaluru",Rumjhum Gupta,5.0,"Good collection of unique pieces! There is also footwear, hats and jewelry. Didn't really see men's clothing.",2 months ago,Google Maps
The Preloved Co,"Sivanchetti Gardens, Bengaluru",Mix Mullet,5.0,"Found gender neutral clothes, bought 8-9 items and bill was still 2300 🥹🤘 must visit. Plus sizes have less options so my friend couldn’t buy anything but if you’re femme, many options for you. I was looking for masc clothes and loose pants and found some ❣️",3 months ago,Google Maps
The Preloved Co,"Sivanchetti Gardens, Bengaluru",Shreya Sivakumar,5.0,It feels great to have a physical thrift/pre-owned store for clothing and accessories where you can get a feel for items and try them on. They have a good collection and everything is reasonably priced. There's also bins where you can buy in bulk. Highly recommend for people looking to shop more sustainably.,3 months ago,Google Maps
The Preloved Co,"Sivanchetti Gardens, Bengaluru",Deepthi Ram P,5.0,"A good store with varieties of clothings for any occasion. A good range of outfits with good brands selling for reasonable prices, I enjoy browsing and shopping at the preloved co",4 months ago,Google Maps
Escape Closet,"JP Nagar, Bengaluru",Taokeer Alam,1.0,"Worst place to buy any clothes, they have kept all used clothes only 🤬",a week ago,Google Maps
Escape Closet,"JP Nagar, Bengaluru",Isaac Samuel,5.0,Best in the scene.,3 weeks ago,Google Maps
Escape Closet,"JP Nagar, Bengaluru",Harish Sriram,2.0,Roadside quality at designer pricetag.,4 months ago,Google Maps
Raheja Arcade,"Koramangala, Bengaluru",Raushan Kumar,5.0,Check out,a day ago,Google Maps
Raheja Arcade,"Koramangala, Bengaluru",Shweta Hegde,5.0,Liked dresses here. Nice place for shopping,3 days ago,Google Maps
Raheja Arcade,"Koramangala, Bengaluru",Shalini R,5.0,"Food was awesome. Service, ambience was good. Veg and non veg food is servedhere.👍🇳🇪",4 days ago,Google Maps
Raheja Arcade,"Koramangala, Bengaluru",Kshitiz Srivastava,4.0,"Raheja Arcade is one of the best budget shopping spots in Koramangala. There are plenty of stalls offering trendy clothes, footwear, handbags, accessories, and ethnic wear at very reasonable prices. It's a great place to explore if you enjoy bargain shopping. The location is convenient, and there are good cafés and restaurants nearby, making it a nice place to spend a few hours. Definitely worth visiting for affordable shopping!",6 days ago,Google Maps
Raheja Arcade,"Koramangala, Bengaluru",A Sharma,3.0,Ok place,a week ago,Google Maps
Sri Venkateshwara Garments,"BTM 1st Stage, Bengaluru",keerthi l,5.0,3nd  floor good Rakesh,2 hours ago,Google Maps
Sri Venkateshwara Garments,"BTM 1st Stage, Bengaluru",Vijay Praveen,5.0,Good products😊,3 hours ago,Google Maps
Sri Venkateshwara Garments,"BTM 1st Stage, Bengaluru",Baiarbet Dkhar,5.0,"Ground floor
Cash counter are good and polite.",Edited 3 hours ago,Google Maps
Sri Venkateshwara Garments,"BTM 1st Stage, Bengaluru",hrishtis,5.0,3 floor  good rRakesh,Edited 3 hours ago,Google Maps
Sri Venkateshwara Garments,"BTM 1st Stage, Bengaluru",Bhavya Kulli,5.0,3nd floor good service  Rakesh,3 hours ago,Google Maps
Ramachandrapura Market,"Rajajinagar, Bengaluru",Syed sadiq Syed sadiq,5.0,Good quality best price,9 months ago,Google Maps
Ramachandrapura Market,"Rajajinagar, Bengaluru",Sanjana Jogar,5.0,Lo cost price,2 years ago,Google Maps
Junk in the Trunk Thrift Store,"Lingarajapuram, Bengaluru",Aksal S Baby,1.0,Wrong location don't go there,3 months ago,Google Maps
Junk in the Trunk Thrift Store,"Lingarajapuram, Bengaluru",Beast Bowl,5.0,Quick Delivery,a year ago,Google Maps
Vintage Street,"Church Street, Bengaluru",Kanika K9,5.0,Good shop and delivery to car is possible in case parking isn't available.,a year ago,Google Maps
Vintage Street,"Church Street, Bengaluru",Abdul Hakmal,5.0,Unique products 🤍🔥,a year ago,Google Maps
Vintage Street,"Church Street, Bengaluru",Ramya Cs,5.0,Excellent,2 years ago,Google Maps
Vintage Street,"Church Street, Bengaluru",Abdul Rahiman,5.0,Love it,2 years ago,Google Maps
Vintage Street,"Church Street, Bengaluru",Mohammed Mahshooq,5.0,Best services 👍,2 years ago,Google Maps
Viintage Clothing,"BTM Layout, Bengaluru",Omkar Raj,3.0,"Alll good,",6 months ago,Google Maps
Viintage Clothing,"BTM Layout, Bengaluru",Zayn Ashey,5.0,"“. Have shoes and sneakers,though popular model trend to go out of stock quickly.overall a recommended place for trendy outfits with good service in this locality.",7 months ago,Google Maps
Viintage Clothing,"BTM Layout, Bengaluru",Shamsu Shamsu,5.0,"“Best collection in Btm layout must visit spot for formals and premium clothing
Reasonable price “",7 months ago,Google Maps
Evening Bazar,"Shivaji Nagar, Bengaluru",Syed Adil,5.0,good plase for shoping,Edited 2 months ago,Google Maps
Evening Bazar,"Shivaji Nagar, Bengaluru",Luqmaan vlogs,5.0,Designer dresses at affordable rates... Ethnic collection is too good in this shop go for it guys,2 months ago,Google Maps
Remode Racks,"Mathikere, Bengaluru",sexy ZAI,5.0,all heats 👨‍🍳🚨,a year ago,Google Maps
Remode Racks,"Mathikere, Bengaluru",Nadim Shabeer,5.0,Great collections. Limited edition pieces available. Great price❤️🫠🫠,a year ago,Google Maps
Ts Traders,"Shampura, Bengaluru",Fasil Nm,5.0,Yes it is treated and good,3 months ago,Google Maps
Ts Traders,"Shampura, Bengaluru",Rithwik Vinod,5.0,Nice,6 months ago,Google Maps
Jaaf Blr,"Kothanur, Bengaluru",Maneesh PS,5.0,This is a crazy place to buy ur jackets in reasonable prize,4 hours ago,Google Maps
Jaaf Blr,"Kothanur, Bengaluru",Mohammed Mustaqeem,5.0,Nice collection of jackets 💯,4 hours ago,Google Maps
Jaaf Blr,"Kothanur, Bengaluru",syed shoaib,5.0,Good and amazing clothing and vintage type ppl should visit it and check it out,4 hours ago,Google Maps
Jaaf Blr,"Kothanur, Bengaluru",Mohammed Yaseen,5.0,Awesome collection articles such as old money as well as vintage.,4 hours ago,Google Maps
Jaaf Blr,"Kothanur, Bengaluru",Mukilan.s.s,5.0,Nice clothes,11 hours ago,Google Maps
Jaaf Blr,"Kothanur, Bengaluru",Siva Rx100,5.0,Nice products,11 hours ago,Google Maps
Re Store,"Whitefield, Bengaluru",Rakesh Pant,5.0,Good,2 years ago,Google Maps
Re Store,"Whitefield, Bengaluru",Mrinalini Puranik,5.0,"This is a well organised place for used clothes, toys, stationery in good condition. Kids in the area are on the look out for what we bring.",2 years ago,Google Maps
Goodwill Streets,"Commercial Street, Bengaluru",Veenal Choudhary,1.0,My first and worst experience with them. While giving the design for blouse they will say that yes it can be done then they will give you stitch the simplest design and will not pick your call also,2 years ago,Google Maps
Goodwill Streets,"Commercial Street, Bengaluru",Nag Shankar,2.0,Nothing great,7 years ago,Google Maps
Goodwill Streets,"Commercial Street, Bengaluru",Augustine Manuel,1.0,Not good,9 years ago,Google Maps
Pretty Little Fits,"Hiranandani, Bengaluru",Soham Rastogi,5.0,My experience with PLF has always been excellent.,2 years ago,Google Maps
Pretty Little Fits,"Hiranandani, Bengaluru",Abha Portia,5.0,"🥰🥰❤️
Purchased numerous times and they have never disappointed!!",2 years ago,Google Maps
Pretty Little Fits,"Hiranandani, Bengaluru",Sally,5.0,"I ordered two bodysuits a few months ago and I liked them so much that I bought another and I’m always looking out for what’s available in my size and budget. I really like the quality of clothes here and it’s pocket friendly which is >>>>
I’m a happy buyer and I will definitely keep shopping here if they keep their price ranges as friendly as the current rates.",3 years ago,Google Maps
Pretty Little Fits,"Hiranandani, Bengaluru",srishti soni,5.0,Amazing clothes at amazing prices! I shop here a lot and I have never been disappointed even once. Great quality stuff,3 years ago,Google Maps
Pretty Little Fits,"Hiranandani, Bengaluru",Rachel Dmello,5.0,"I have shopped alot from PLF and have never been disappointed. The process of ordering and paying is extremely user friendly and the prices are pocket friendly. Also, super fast delivery always. Highly recommended shopping from them. 😁",4 years ago,Google Maps
Pretty Little Fits,"Hiranandani, Bengaluru",Vani Sharma,5.0,Quick shipping. Great quality of products.,4 years ago,Google Maps
Pretty Little Fits,"Hiranandani, Bengaluru",Asmita Chanda,5.0,"PLF has been my go-to ever since I found them. They never ever compromise on the quality of products they put out and I have seen them grow their operations in the last few months. The mommy-daughter duo is a fantastic team and you can be assured if you send them a request for a particular clothing item you’ve been eyeing, they will restock it! I also admire the fact that they are size inclusive. (I might be a low-key PLF addict, lol). And lastly I’d be amiss if I didn’t mention the prices - extremely affordable! Save your monies and check them out now.",5 years ago,Google Maps
Shaan Creations,"Kacharakanahalli, Bengaluru",axe king ziya,5.0,Wow... really super & Gud quality product 👌👌👌❤️very very nys❤️❤️❤️❤️,2 months ago,Google Maps
Shaan Creations,"Kacharakanahalli, Bengaluru",Gagandeep Bhatia,5.0,Swift delivery,9 months ago,Google Maps
Shaan Creations,"Kacharakanahalli, Bengaluru",Karthick B.F.A,5.0,"The product was very amazing
And good in quality.
Nice for the decorations work.",a year ago,Google Maps
Shaan Creations,"Kacharakanahalli, Bengaluru",vijay karan verma,5.0,Hello shaan creations is one of the best in acrylic works. I am from Punjab I ordered online . Hello helps me alot and speed post my item on time . Thanks to shaan creations .,a year ago,Google Maps
Shaan Creations,"Kacharakanahalli, Bengaluru",Khasim ADAM,5.0,"masters in acrylic products
great experience",2 years ago,Google Maps
Shaan Creations,"Kacharakanahalli, Bengaluru",Shruti Nayar,1.0,Disappointing,2 years ago,Google Maps
Thrift By Ara,"Kattigenahalli, Bengaluru",Dechen lamo,5.0,I would like to sell few cloths. How can I Contact ?,3 years ago,Google Maps
Thrift By Ara,"Kattigenahalli, Bengaluru",Lochana Bolisetty,5.0,A very friendly and humble person. Thank you so much for the great experience. 100% recommend ;),4 years ago,Google Maps
Thrift By Ara,"Kattigenahalli, Bengaluru",Simran Chaudhary,5.0,Provided absolutely amazing quality dresses! Loved it.,4 years ago,Google Maps
Thrift By Ara,"Kattigenahalli, Bengaluru",Mahitha Reddy,5.0,A super affordable thrift store selling quality products,4 years ago,Google Maps
Thrift By Ara,"Kattigenahalli, Bengaluru",Srideepika Yedida,5.0,At first I was worried about selling my product thanks to triftbyara for making it so easy .I’m really happy and I don’t have to worry about selling my product .✨,4 years ago,Google Maps
Vintage Clothing,"Taverekere, Bengaluru",Omkar Raj,3.0,"Alll good,",6 months ago,Google Maps
Vintage Clothing,"Taverekere, Bengaluru",Zayn Ashey,5.0,"“. Have shoes and sneakers,though popular model trend to go out of stock quickly.overall a recommended place for trendy outfits with good service in this locality.",7 months ago,Google Maps
Vintage Clothing,"Taverekere, Bengaluru",Shamsu Shamsu,5.0,"“Best collection in Btm layout must visit spot for formals and premium clothing
Reasonable price “",7 months ago,Google Maps
Bangaluru Brand Warehouse,"JP Nagar, Bengaluru",Arun Kumar,5.0,Nice experience. I'm happy with the pricing and the overall service..,a week ago,Google Maps
Bangaluru Brand Warehouse,"JP Nagar, Bengaluru",Karthick Kamath,1.0,Duplicate,2 weeks ago,Google Maps
Sanzy Old Cloth Merchant,"Kalasipalaya, Bengaluru",Kaveri Mansani,4.0,He is responsive but he want bulk clothes,4 months ago,Google Maps
Sanzy Old Cloth Merchant,"Kalasipalaya, Bengaluru",bhawana patwari,5.0,I have around 30kgs clothes. Could you tell me the price that you offer per kg.,4 months ago,Google Maps
Sanzy Old Cloth Merchant,"Kalasipalaya, Bengaluru",Shivaji Shivakumar,5.0,Best,6 months ago,Google Maps
Sanzy Old Cloth Merchant,"Kalasipalaya, Bengaluru",Varsha Jaganathan,1.0,This is for people who are looking to sell 20-25 kg of clothes. This is wholesale market and they don't buy 20-25 kgs of clothes.,7 months ago,Google Maps
Old Clothes Buyers Bangalore,"Kalasipalaya, Bengaluru",mohammed sahil,5.0,The best places to sell the old clothes,4 hours ago,Google Maps
Old Clothes Buyers Bangalore,"Kalasipalaya, Bengaluru",Vinod Kumar,5.0,Na,3 days ago,Google Maps
Old Clothes Buyers Bangalore,"Kalasipalaya, Bengaluru",Srushti Gadekar,3.0,"May I know any way to contact them, I tried calling the number but nobody received. I also texted on whatsapp but didnt get any response.
I have good quality clothes in bulk, can the owner please contact me.",a month ago,Google Maps
Old Clothes Buyers Bangalore,"Kalasipalaya, Bengaluru",Shahbaz Khalandar,5.0,Got better price,3 months ago,Google Maps
Old Clothes Buyers Bangalore,"Kalasipalaya, Bengaluru",Sachin Chiku,1.0,He buy only 100 kg it seems. Does everyone one have 100 kg clothes. Are we from clothes family ha?,3 months ago,Google Maps
Old Clothes Buyers Bangalore,"Kalasipalaya, Bengaluru",Shweta Ratanpura,3.0,"They accept only mens clothing above 100kg
This should be mentioned here on google.",4 months ago,Google Maps
Thrift 7/11,"Koramangala 8th Block, Bengaluru",Dhanu Rx,5.0,You will get the besttt hereee check outtt,a month ago,Google Maps
Thrift 7/11,"Koramangala 8th Block, Bengaluru",Manoj Kumar Bakke,5.0,The best thrift storeeee,a month ago,Google Maps
Thrift 7/11,"Koramangala 8th Block, Bengaluru",Priya S William,5.0,"One of a kind, the place has really good authentic collection of Jeans, and a great stash of vintage limited edition jerseys as well. Not your regular thrifter.",a month ago,Google Maps
Thrift 7/11,"Koramangala 8th Block, Bengaluru",Raamkiran,5.0,"⭐⭐⭐⭐⭐

Thrift 7/11 has an amazing collection of clothes with unique styles and great quality. Every visit feels like discovering something special.

A special mention to the talented owner, B Boyer, whose kindness, creativity, and genuine care for customers make the experience even better. The hospitality and customer service are truly outstanding.

If you're looking for great fashion and an unforgettable shopping experience, Thrift 7/11 is definitely the place to visit. Highly recommended!",a month ago,Google Maps
Thrift Fiction,"HSR Layout, Bengaluru",PK,4.0,"honestly really lovely collection, though only in very specific styles (y2k coquette, lacy corsets) and in very specific sizes (biggest size i saw was an M, smallest was an xxs or an xxxs)

no dressing room, but they’re okay with you trying clothes on over what you’re wearing there

small store but well maintained

honestly pretty high prices, starting price is 990 i think. worth it, but be prepared to spend.",a month ago,Google Maps
Thrift Fiction,"HSR Layout, Bengaluru",Srilekha DV,5.0,"Great collection, we'll maintained.",6 months ago,Google Maps
Thrift Bazar,"Electronic City, Bengaluru",Swarup Patra,5.0,Good,a week ago,Google Maps
Thrift Bazar,"Electronic City, Bengaluru",Krishnaj,5.0,Faaah,2 weeks ago,Google Maps
Thrift Hands,"SG Palya, Bengaluru",Bala,5.0,They have really pretty outfits for women. Check them out.,2 weeks ago,Google Maps
Thrift Hands,"SG Palya, Bengaluru",Rohaan Nambiar,5.0,"Really nice place, good pieces at affordable rates too.

""What what, what what."" - Macklemore, 2012.",a month ago,Google Maps
Thrift Hands,"SG Palya, Bengaluru",PK,4.0,"loved this place!! it’s a little bit hard to find, but once you get there it’s lovely.

pros:
- well organised, had pieces organised by size which was great (sizes ranged from xs to xxl)
- had pieces organised by style (work edit, summer edit etc)
- unlike other thrifts they also upcycle fabric; they had earphone cases and card wallets made of upcycled fabric, and the complimentary carry bag we got from them was also upcycled and reusable!
- beautifully organised store, you can tell that they’re passionate about sustainability

cons:
- the cushions on the floor smelled kinda weird
- men’s section isn’t as well organised (stacks of folded clothes, no hangers so harder to look thru)
- no jewellery section :(

overall lovely though, thank you!",a month ago,Google Maps
Thrift Hands,"SG Palya, Bengaluru",Rumjhum Gupta,5.0,Cute thrift store! It is a bit hard to find because you need to go into a thin alley then climb to second floor. Collection is amazing and full of unique pieces. Highly recommend to people interested in sustainability and fashion,2 months ago,Google Maps
Collections Reloved,"Richards Town, Bengaluru",Sai Joshi,5.0,"They have such good collection! Definitely will visit again! Please go have a look, you’ll definitely find something you wanna buy",a week ago,Google Maps
Collections Reloved,"Richards Town, Bengaluru",TAMIZHINII,5.0,"I visited Preloved Co. and I found amazing collection of preloved clothes✨
I bought formal tops and bottoms and they all were in good condition and at reasonable prices! So glad to find thrift shops which are very rare in India",a week ago,Google Maps
Collections Reloved,"Richards Town, Bengaluru",PK,4.0,"pros:
- curated clothing was organised by size, which was helpful
- easy to find
- prices were fair, good for a thrift store
- clothing was clean!
- LOVED the jewellery

cons:
- not a lot of variety
- a bit small (though that’s understandable)
- the bins of clothing outside were a bit unclean, they didn’t smell great",a month ago,Google Maps
Collections Reloved,"Richards Town, Bengaluru",Saanvi R,5.0,very sweet staff and also very clean condition of clothing. prices also very reasonable. would totally recommend it to someone who loves thrifting 🫶🏼,a month ago,Google Maps
Collections Reloved,"Richards Town, Bengaluru",Rumjhum Gupta,5.0,"Good collection of unique pieces! There is also footwear, hats and jewelry. Didn't really see men's clothing.",2 months ago,Google Maps
Collections Reloved,"Richards Town, Bengaluru",Mix Mullet,5.0,"Found gender neutral clothes, bought 8-9 items and bill was still 2300 🥹🤘 must visit. Plus sizes have less options so my friend couldn’t buy anything but if you’re femme, many options for you. I was looking for masc clothes and loose pants and found some ❣️",3 months ago,Google Maps
Collections Reloved,"Richards Town, Bengaluru",Shreya Sivakumar,5.0,It feels great to have a physical thrift/pre-owned store for clothing and accessories where you can get a feel for items and try them on. They have a good collection and everything is reasonably priced. There's also bins where you can buy in bulk. Highly recommend for people looking to shop more sustainably.,3 months ago,Google Maps
Collections Reloved,"Richards Town, Bengaluru",Deepthi Ram P,5.0,"A good store with varieties of clothings for any occasion. A good range of outfits with good brands selling for reasonable prices, I enjoy browsing and shopping at the preloved co",4 months ago,Google Maps
Frisson,"JP Nagar, Bengaluru",Borra Rajesh,4.0,"Good overall experience, but the actual discount offers don't quite match what the ads promote. They still have a decent variety of collections, though it mostly consists of old stock. It seems they are clearing inventory to vacate the shop, as a 'To Let' board is already up.",a week ago,Google Maps
Frisson,"JP Nagar, Bengaluru",Sanjay Kumar Yadav,1.0,"They sell very worst quality products, even they won’t care issues, i took shoes and toned within 30days when i went to show that they started misbehaving. I am very disappointed with the product they sells. Useless of visiting there.",Edited 6 months ago,Google Maps
AYM Enterprises,"Bapuji Nagar, Bengaluru",Mohammed Fayaz Syed,5.0,Fabulous,2 weeks ago,Google Maps
AYM Enterprises,"Bapuji Nagar, Bengaluru",Syed Azeem,5.0,Best collection never ever hai,3 weeks ago,Google Maps
AYM Enterprises,"Bapuji Nagar, Bengaluru",Thosif Shaik,4.0,Cheap and best for pants 👖 good quality,a month ago,Google Maps
AYM Enterprises,"Bapuji Nagar, Bengaluru",azeez pasha,5.0,Super,2 months ago,Google Maps
Brands and Brother,"Bendre Nagar, Bengaluru",Venkat Sai,5.0,Best collection and best prices,a month ago,Google Maps
Brands and Brother,"Bendre Nagar, Bengaluru",Puneeth Suvarna,5.0,Nice collection,a month ago,Google Maps
Brands and Brother,"Bendre Nagar, Bengaluru",Muku CM,5.0,Good collection and quality.,2 months ago,Google Maps
Brands and Brother,"Bendre Nagar, Bengaluru",R R,5.0,"Great collections, I always end up buying something from here since 2018",2 months ago,Google Maps
Brands and Brother,"Bendre Nagar, Bengaluru",Amara Raju,5.0,Good cloth new band also shirt t shirt,2 months ago,Google Maps
Prabhat Barcade,"Koramangala, Bengaluru",Shivang Agarwal,5.0,Amazing food and gaming experience. Reeteek and Yuri helped us with the food selection. They nailed it for vegetarian selection,8 hours ago,Google Maps
Prabhat Barcade,"Koramangala, Bengaluru",prabhav,5.0,Reeteek and papun was very nice and helpful. Love this place,a day ago,Google Maps
Prabhat Barcade,"Koramangala, Bengaluru",mamtha balakrishnan,5.0,"It’s a good place to spend time playing games with children or adults . Ample seating and room , it’s spacious. Dave and Busters has good food , music and excellent service. Gita was very attentive and friendly.",a day ago,Google Maps
Prabhat Barcade,"Koramangala, Bengaluru",Smruthi Hs,5.0,"It's a crazy vibe, prashant served well.
Loved the dj, a great place to eat, drink and play.",a day ago,Google Maps
Prabhat Barcade,"Koramangala, Bengaluru",Nanditha Shetty,5.0,Had so much funnnn!!! They have the perfect games. We had so much fun. Did not realise we had to leave till the place was literally closing down. Kent helped us with our order and was extremely sweet too,a day ago,Google Maps
Prabhat Barcade,"Koramangala, Bengaluru",Aditya Nandi,5.0,"Excellent place, great games and nice food. Also wonderful service by Kent.",a day ago,Google Maps
Prabhat Barcade,"Koramangala, Bengaluru",Pratik Agarwal,5.0,"Good time spent at Dave & Busters.
Kent and Geeta were top notch on service.",a day ago,Google Maps
Prabhat Barcade,"Koramangala, Bengaluru",Niveditha ShivaPrasad,5.0,"Great service by Kent
Must visit",a day ago,Google Maps
Drift House,"JP Nagar, Bengaluru",Divakarj DJ,5.0,Good collection. 💯 Satisfied 👍,9 hours ago,Google Maps
Drift House,"JP Nagar, Bengaluru",Srikanth B,5.0,Best men's clothing stores in JP Nagar. Will visit again,2 weeks ago,Google Maps
Drift House,"JP Nagar, Bengaluru",arya Sathish,5.0,Really liked the collection of men's clothing. Definitely worth visiting,2 weeks ago,Google Maps
Drift House,"JP Nagar, Bengaluru",jancy ca,1.0,No collection,2 weeks ago,Google Maps
Bhavika Exports,"Commercial Street, Bengaluru",Binitha Rout,1.0,Worst experience this shop owner is very rude and they took my money and we forgot to take our selected dress so the next day we went again to take back our dress the owner refused to give the money and our dress we even told them to check cctv the even refused for that as well. Very cheap man and cheap mentality persons are working there. Those men who are working they admire girls person parts and pass dirty comment,a year ago,Google Maps
Bhavika Exports,"Commercial Street, Bengaluru",Tejaswini Mayanna,1.0,"Had worst shopping experience ever. Owner was utterly rude, uncivilized and very impolite.
It is natural that one assumes they can bargain, as the shop is situated in commercial street which is famous for street shopping. This particular shop was not up for negotiations or bargaining which is fine and understandable but the fact, shop owner humiliating customers by asking them to get out of his shop, literally shooing them away and asking his employees to keep them out of his shop just for asking if they can reduce the price ""for once"" was not acceptable. He sat in a corner slamming people who did not pay they price he asked for.
It was the most unfriendly place to shop, spoiling the whole experience of street shopping.",2 years ago,Google Maps
Bhavika Exports,"Commercial Street, Bengaluru",Keerthana Lagisetty,1.0,"Worst shop ever.. they have only cash or card system.. when I gave my card they told transaction is not working because the server is down , so they took cash from me.. but after 10 min when I left the place my cash got deducted and i when tried to call them, they were just ignoring the calls or mimicking as if they couldn't hear anything.",6 years ago,Google Maps
Bhavika Exports,"Commercial Street, Bengaluru",Tonisha Raj,5.0,I really luv dose drezzez.......Dose patterns were truly osm........,8 years ago,Google Maps
The T Shirt Treasure,"BTM Layout, Bengaluru",YUVARAJ M,1.0,It's not open the shop was closed at 2.21pm,a week ago,Google Maps
The T Shirt Treasure,"BTM Layout, Bengaluru",Sairam Murali,1.0,Always closed mc,a week ago,Google Maps
The T Shirt Treasure,"BTM Layout, Bengaluru",DADI HARI KIRAN,3.0,If you want something like casual and  does care about material and only consider about design and looks u can check this shop.,3 weeks ago,Google Maps
Jayanagar Shopping Complex,"Jayanagar, Bengaluru",Praveen Reddy,4.0,good,5 days ago,Google Maps
Tibetan Market,"Rest House Road, Bengaluru",rstar 090,2.0,Over priced,2 weeks ago,Google Maps
Tibetan Market,"Rest House Road, Bengaluru",Pooja Prabhu,2.0,Not budget friendly. Only very few utens are below 500,2 weeks ago,Google Maps
Tibetan Market,"Rest House Road, Bengaluru",Jigisha,3.0,The clothes are not up to the quality. Some looks like thrift but you get a wide range of collections.,Edited 3 weeks ago,Google Maps
Tibetan Market,"Rest House Road, Bengaluru",Ryan Fernandez,3.0,Nice,2 months ago,Google Maps
Tibetan Market,"Rest House Road, Bengaluru",jemimah joseph,4.0,Good place for shopping,Edited 3 months ago,Google Maps
Higns Picks,"HBR Layout, Bengaluru",Urvashi Parakh,5.0,A very good collection,2 years ago,Google Maps
Old Cloth Merchant Association,"KR Market, Bengaluru",Ravi Kumar,5.0,Best pls to sell your old and used cloths. Value for money.,4 months ago,Google Maps
Taalish,"Madiwala, Bengaluru",SEETHALAKSHMI,1.0,"They are selling used dress, worst collection.",a day ago,Google Maps
Taalish,"Madiwala, Bengaluru",SONA SHAJU,5.0,Good  place,2 weeks ago,Google Maps
Globus Vault,"HSR Layout, Bengaluru",Charitha Bommudira,5.0,Amazing place for great brands. Must visit.,3 hours ago,Google Maps
Globus Vault,"HSR Layout, Bengaluru",Padma Priya,5.0,They have many brands at reasonable price.,6 hours ago,Google Maps
Globus Vault,"HSR Layout, Bengaluru",Aman,5.0,Good Collection,a day ago,Google Maps
Globus Vault,"HSR Layout, Bengaluru",Tarun .s,5.0,Very nice shop and very super discounts,3 days ago,Google Maps
Fashion Plus,"Jayanagar, Bengaluru",Snagz SP,1.0,"It is the worst.
Please, if you are someone who is looking for a good quality dress that is budget-friendly, this is not the shop.

They scam.
Last week I bought a shirt and it was torn. I had to wait until the next weekend to exchange it, and they said that I was in the wrong. It wasn't like this when they gave it to me. The shirt was initially priced at 350, and later they said it was 495. They scam really well. Please report the shop.",a week ago,Google Maps
Fashion Plus,"Jayanagar, Bengaluru",Devu Balakrishnan,5.0,"I really liked the shop, it has many trendy fits at affordable prices , the sales woman was too good as well as the owner. I even exchanged 3 out of 9 clothes I got from there and they were very nice to me and the exchange process was hassle free. I totally recommend this shop to anyone coming to jayanagar 4th block for baddie fit shopping.",a month ago,Google Maps
Fashion Plus,"Jayanagar, Bengaluru",Shraddha Shraa,1.0,They are providing the used clothes I took the dress it was torn so I gave it for exchange but they didn’t accept worst quality clothes,a month ago,Google Maps
Fashion Plus,"Jayanagar, Bengaluru",Dewy finds,1.0,"Horrible staff and management
The staff act like they are doing a favor for us and for some reason they have unnecessary attitude,
They keep saying every size fits you perfectly despite knowing that it won't .
There is no trial room as well which makes it difficult to finalize something and all their products are just overpriced
Overall Horrible staff and owners",2 months ago,Google Maps
Fashion Plus,"Jayanagar, Bengaluru",Divya Shenoy,1.0,"Horrible owners, horrible staff. They have so much attitude, they will act as though they are doing you a favour. DO NOT VISIT. Also, extremely overpriced.",3 months ago,Google Maps
Fashion Plus,"Jayanagar, Bengaluru",Haron DSouza,2.0,"Very disappointing experience at this clothing store. Trials are not allowed, which already makes shopping difficult. On top of that, the staff is extremely unprofessional and lacks basic manners. They don’t know how to behave with customers. They also try to mislead customers by saying items will fit just to push a sale, even when the size is clearly wrong. This feels dishonest and frustrating. Overall, a very poor shopping experience. On a slightly positive note, they do offer exchange within one month of purchase. However, finding the right size is still very difficult without trials, so this doesn’t really solve the problem.",4 months ago,Google Maps
Fashion Plus,"Jayanagar, Bengaluru",Kriti Singh,1.0,"Deserves no stars at all. I wanted to exchange a clothing item at a given rate and suddenly, they did not have a single item in that range. I had to overpay to exchange an item. Disgusting shop, never going here.",4 months ago,Google Maps
Y Not!,"Shivaji Nagar, Bengaluru",pooja dhanraj,1.0,"Not worth the hype too expensive all the overhyped tops are 650 ,quality is okay okay ,prints r not thta exciting and for short people tops needs to be altered according to the height .u can purchase it in myntra under 400 itself dont waste money its just another Instagram fame overhyped place guys not worth every penny",a week ago,Google Maps
Y Not!,"Shivaji Nagar, Bengaluru",Aishu Senthil,5.0,Love the collection in y not ..! They have all the size ranges The price is set right and the staffs are very helpful and friendly,2 weeks ago,Google Maps
Y Not!,"Shivaji Nagar, Bengaluru",Ali Hussain,5.0,Women collection very nice,a month ago,Google Maps
Y Not!,"Shivaji Nagar, Bengaluru",Arnav Shah,5.0,Amazing staff and great stuff at great price,a month ago,Google Maps
Y Not!,"Shivaji Nagar, Bengaluru",Swastika Das,5.0,great collection!,4 months ago,Google Maps
Chikpet Hyat Street,"KR Market, Bengaluru",Lza Joseph,4.0,"I went to buy big flowers but they didn't have any. However, you can actually buy them outside on the roadside for a much lower price. The mangoes I bought from here were also really tasty!",a day ago,Google Maps
Chikpet Hyat Street,"KR Market, Bengaluru",Ck,5.0,"It’s more rush than a normal market
U can only visit by walking",3 days ago,Google Maps
