id,name,locality_raw,city,instagram,phone,open_time,close_time,timing_note,notes,lat,lng,geocode_precision,stock_type,price_min,price_max,categories,verified_on
blr-0001,EcoDhaga,Koramangala,Bengaluru,,,11:00,19:00,,Closed on Mondays,12.9357366,77.624081,locality,,,,[],
blr-0002,Love Me Twice,Indiranagar,Bengaluru,,,11:00,20:00,,,12.9732913,77.6404672,locality,,,,[],
blr-0003,Thrft,Kothanur,Bengaluru,thrft_store_,,11:30,20:00,,,12.8701259,77.5820178,locality,,,,[],
blr-0004,The Preloved Co,Sivanchetti Gardens,Bengaluru,,,00:00,20:00,,Closed on Mondays,12.9845768,77.6131984,locality,,,,[],
blr-0005,Escape Closet,JP Nagar,Bengaluru,,,10:00,22:00,,,12.9096941,77.5866067,locality,,,,[],
blr-0006,Raheja Arcade,Koramangala,Bengaluru,,,,,,,12.9357366,77.624081,locality,,,,[],
blr-0007,Sri Venkateshwara Garments,"BTM 1st Stage,Gangothri Circle",Bengaluru,,,,,,,12.9196341,77.6129048,locality,,,,[],
blr-0008,Thrift Store,Chandra Layout,Bengaluru,,,,,,,12.955333,77.5238903,locality,,,,[],
blr-0009,Ramachandrapura Market,Rajajinagar,Bengaluru,,,,,,,13.0005232,77.5496166,locality,,,,[],
blr-0010,Junk in the Trunk Thrift Store,Lingarajapuram,Bengaluru,,,,,,,13.0093949,77.6267881,locality,,,,[],
blr-0011,Vintage Street,Church Street,Bengaluru,,,,,,,12.9734314,77.6517971,locality,,,,[],
blr-0012,Viintage Clothing,BTM Layout,Bengaluru,,,,,,,12.9140008,77.6102821,locality,,,,[],
blr-0013,Evening Bazar,Shivaji Nagar,Bengaluru,,,,,,,12.9883249,77.6004488,locality,,,,[],
blr-0014,Sri Krishnarajendra Market,Kr Market/chikpet,Bengaluru,,,,,,,,,,,,,[],
blr-0015,Escape Closet,J.P Nagar 5th Phase,Bengaluru,escaped_closet,,10:00,22:00,,Open on all days,,,,,,,[],
blr-0016,MR Arcade,Koramangala,Bengaluru,,,,,,,12.9357366,77.624081,locality,,,,[],
blr-0017,Remode racks,Mathikere Extension,Bengaluru,remoderacks_thrift,,,,,,,,,,,,[],
blr-0018,Ts Traders,Shampura main road,Bengaluru,tstraders1,9591856690,,,,,13.0288569,77.6157713,locality,,,,[],
blr-0019,Jaaf Blr,Kothanur,Bengaluru,jaaf.blr,8431938752,,,,,12.8701259,77.5820178,locality,,,,[],
blr-0020,Re Store,"Pattandur Agrahara Maithri Layout 4th Cross Rd,Whitefield",Bengaluru,,,,,,,12.9957428,77.7579489,locality,,,,[],
blr-0021,Goodwill streets,"Narayan Pillai Street, Commercial Street Cross",Bengaluru,,8025595151,,,,,,,,,,,[],
blr-0022,Pretty Little Fits,"HillCrest,House of Hiranandani",Bengaluru,,9372920965,,,,,12.9723543,77.6409111,locality,,,,[],
blr-0023,Sri Venkateshwara Garments,"211, Rhs Plaza, 253, 14th Main Rd, Sector 7, Hsr Layout, Bengaluru",Bengaluru,,,,,,,12.9767936,77.590082,locality,,,,[],
blr-0024,Shaan Creations,"Gullama Road,Kacharakanahalli",Bengaluru,,7907204404,,,,,13.0222071,77.6319093,locality,,,,[],
blr-0025,Thrift By Ara,"Krishna Gardens,Kattigenahalli",Bengaluru,thri.ftbyara,,,,,,13.1177735,77.6261222,locality,,,,[],
blr-0026,Vintage Clothing,"Taverekere,Bengaluru",Bengaluru,,,10:00,,Opens 10AM,,12.9767936,77.590082,locality,,,,[],
blr-0027,Bangaluru Brand Wrehouse,"3rd Phase,JP Nagar",Bengaluru,,9900000671,11:00,,Opens 11 am,,12.9100191,77.5925018,locality,,,,[],
blr-0028,Sanzy Old Cloth Merchant,"Am Street,Kalasipalaya",Bengaluru,,9663630135,00:00,23:59,24 hours,,12.9605656,77.5767802,locality,,,,[],
blr-0029,Old Clothes Buyyers Banglore,"Hayanth Street,Kalasipalaya",Bengaluru,,8892766129,,,,,12.958189,77.5768148,locality,,,,[],
blr-0030,Thrift 7/11,Koramangala 8th Block,Bengaluru,,8310606821,11:00,,Opens 11 am,,12.9408685,77.617338,locality,,,,[],
blr-0031,Eloutfit Thrift Store,"Bannerghata Road,Arekere",Bengaluru,,,06:00,,Opens 6 am,,12.8872086,77.5960493,locality,,,,[],
blr-0032,Thrift Fiction,"27th Main road,HSR Layout",Bengaluru,,7947434140,,,,,12.9100899,77.6518771,locality,,,,[],
blr-0033,Thrift Therapy,Ramaswamipalaya Jayamahal,Bengaluru,,,,,,,,,,,,,[],
blr-0034,Thrift Bazar,Electronic City,Bengaluru,,7942694241,,,,,12.8487599,77.648253,locality,,,,[],
blr-0035,Thrift Hands,"SG Palya,Bengaluru",Bengaluru,,7947137370,,,,,12.9318731,77.6076887,locality,,,,[],
blr-0036,Thrift India,"Electronic City,Bengaluru",Bengaluru,,,,,,,12.8487599,77.648253,locality,,,,[],
blr-0037,Collections Reloved,"Richards Town,Bengaluru",Bengaluru,,,,,,,13.0042369,77.6170601,locality,,,,[],
blr-0038,Frisson,"RBI Layout,JP Nagar",Bengaluru,,,,,,,12.9096941,77.5866067,locality,,,,[],
blr-0039,MD fashion,"1st Cross,Kallappa Block,Sriramapura",Bengaluru,,,,,,,12.8715399,77.6842714,locality,,,,[],
blr-0040,AYM Enterprises,"Bapuji,Nagar",Bengaluru,ali_bhai_shop,,,,,,12.955015,77.540974,locality,,,,[],
blr-0041,Brands and Brother,Bendre Nagar,Bengaluru,,,,,,,12.910206,77.5639218,locality,,,,[],
blr-0042,Prabhat Barcade,Koramangala 8th Block,Bengaluru,,,,,,,12.9408685,77.617338,locality,,,,[],
blr-0043,Wolf Street,BTM Layout,Bengaluru,wolfstreet_wear,,,,,,12.9140008,77.6102821,locality,,,,[],
blr-0044,BrothersHappy,Koramangala,Bengaluru,brothershappy_,,,,,,12.9357366,77.624081,locality,,,,[],
blr-0045,Drift House,JP Nagar,Bengaluru,,,,,,,12.9096941,77.5866067,locality,,,,[],
blr-0046,Flora Fountain,Opp Old Zara Churchgate,Bengaluru,,,,,,For jerseys,,,,,,,[],
blr-0047,Bhavika Exports,Commercial Street,Bengaluru,,7892314919,,,,,12.9822157,77.6082513,locality,,,,[],
blr-0048,The T Shirt Treasure,BTM Layout,Bengaluru,the_tshirttreasure,,,,,,12.9140008,77.6102821,locality,,,,[],
